Index,HU
0,2016/9/14,69.92
1,2016/9/15,68.2717
2,2016/9/16,69.92526
3,2016/9/17,67.87011
4,2016/9/18,71.01442
5,2016/9/19,71.68723
6,2016/9/20,71.32949
7,2016/9/21,224.8297
8,2016/9/22,67.96917
