Index,TE
0,2016/9/14,26.41
1,2016/9/15,26.79335
2,2016/9/16,27.27694
