Index,HU
0,2016/9/14,69.92
1,2016/9/15,68.2717
2,2016/9/16,69.92526
3,2016/9/17,71.59271
