Index,TE
0,2016/9/14,26.41
1,2016/9/15,26.79335
2,2016/9/16,27.15453
3,2016/9/17,29.82164
4,2016/9/18,28.70738
5,2016/9/19,27.75668
6,2016/9/20,26.96552
7,2016/9/21,248.7989
8,2016/9/22,26.0716
9,2016/9/23,25.43364
