Index,HU
0,2016/9/8,82.6776
1,2016/9/9,88.79808
2,2016/9/10,88.96197
3,2016/9/11,88.11869
4,2016/9/12,87.22734
5,2016/9/13,87.99739
6,2016/9/14,87.17171
7,2016/9/15,83.95313
8,2016/9/16,88.45538
