Index,LX
0,2016/9/8,209.6669
1,2016/9/9,236.4059
2,2016/9/10,393.3035
3,2016/9/11,320.9862
4,2016/9/12,338.3114
5,2016/9/13,365.5982
6,2016/9/14,1.006944
7,2016/9/15,463.8951
8,2016/9/16,408.218
9,2016/9/17,0
10,2016/9/18,0
11,2016/9/19,39.59114
12,2016/9/20,461.9698
13,2016/9/21,500.4845
14,2016/9/22,7.388718
15,2016/9/23,168.2002
16,2016/9/24,523.5895
17,2016/9/25,444.8023
18,2016/9/26,425.5737
19,2016/9/27,104.8355
