Index,TE
0,2016/9/8,29.68021
1,2016/9/9,28.45227
2,2016/9/10,29.25519
3,2016/9/11,29.55174
4,2016/9/12,27.30253
