Index,HU
0,2016/9/8,82.6776
1,2016/9/9,88.79808
2,2016/9/10,88.96197
3,2016/9/11,88.11869
4,2016/9/12,87.22734
5,2016/9/13,87.99739
6,2016/9/14,87.17171
7,2016/9/15,83.95313
8,2016/9/16,88.06473
9,2016/9/17,0
10,2016/9/18,0
11,2016/9/19,84.55111
12,2016/9/20,83.17815
13,2016/9/21,83.64996
14,2016/9/22,83.88521
15,2016/9/23,79.67112
16,2016/9/24,81.23654
17,2016/9/25,82.81936
18,2016/9/26,83.75
19,2016/9/27,91.98413
