Index,HU
0,2016/9/8,82.04982
1,2016/9/9,88.65386
2,2016/9/10,88.99891
3,2016/9/11,88.14036
4,2016/9/12,87.2454
5,2016/9/13,87.8085
