Index,HU
0,2016/9/8,80.0832
1,2016/9/9,85.18141
2,2016/9/10,75.63532
3,2016/9/11,84.32909
4,2016/9/12,82.55338
5,2016/9/13,84.3826
