Index,TE
0,2016/9/8,30.08576
1,2016/9/9,29.93483
2,2016/9/10,34.58652
3,2016/9/11,30.48235
4,2016/9/12,31.21469
5,2016/9/13,30.21664
6,2016/9/14,28.4746
7,2016/9/15,31.17063
