Index,TE
0,2016/9/8,30.38264
1,2016/9/9,29.7994
2,2016/9/10,35.07187
3,2016/9/11,30.50996
4,2016/9/12,31.21815
5,2016/9/13,30.74977
