Index,TE
0,2016/9/8,30.08576
1,2016/9/9,29.93483
2,2016/9/10,34.58652
3,2016/9/11,30.48235
4,2016/9/12,31.21469
5,2016/9/13,30.21664
6,2016/9/14,28.4746
7,2016/9/15,32.79176
8,2016/9/16,30.72174
9,2016/9/17,0
10,2016/9/18,0
11,2016/9/19,27.17343
12,2016/9/20,30.59718
13,2016/9/21,26.18754
