Index,HU
0,2016/9/8,80.77939
1,2016/9/9,85.0334
2,2016/9/10,76.54129
3,2016/9/11,84.35031
4,2016/9/12,82.50659
5,2016/9/13,84.67717
6,2016/9/14,83.85455
